[{"@type":"connection","id":"@1","name":"EDX_ORA_INFADEMO_DATA","description":"EDX_ORA_INFADEMO_DATA","runtimeEnvironmentId":"@5R3PlrQWdSChpe9JMAX4SK","instanceDisplayName":"Oracle","host":"edx.informatica.com","database":"ORCLPDB1.localdomain","codepage":"UTF-8","adjustedJdbcHostName":"edx.informatica.com","shortDescription":"EDX_ORA_INFADEMO_DATA","type":"Oracle","port":1521,"password":"********","username":"infademo_data","majorUpdateTime":"2020-12-27T13:51:34.000Z","timeout":60,"connParams":{"agentId":"01002J0800000000000E","CryptoProtocolVersion":"TLSv1","agentGroupId":"01002J2500000000000E","encryptionMethod":"NoEncryption","orgId":"01002J","ValidateServerCertificate":"False"},"internal":false,"federatedId":"1fvvxNfQ3sne9jA6028OeU","retryNetworkError":false}]