[{"@type":"mappingTemplate","id":"@1","name":"m_SYNC_DEPARTMENTS","description":"m_SYNC_DEPARTMENTS","bundleVersion":"0","templateId":"@3","deployTime":1609098578000,"hasParameters":false,"valid":true,"fixedConnection":true,"hasParametersDeployed":false,"fixedConnectionDeployed":true,"tasks":0,"mappingPreviewFileRecordId":"@2","documentType":"MAPPING","references":[{"@type":"reference","refObjectId":"@6P3Z78XkpWGc2usygAvRmm","refType":"connection"},{"@type":"reference","refObjectId":"@1fvvxNfQ3sne9jA6028OeU","refType":"connection"}]}]